,City,Cloudiness,Country,Date,Humidity,Lat,Lng,Max Temp,Wind Speed
0,Verkh-Usugli,88,RU,1610336591,84,52.7,115.1667,-1.35,1.16
1,Mataura,77,NZ,1610336456,70,-46.1927,168.8643,57.99,14.0
2,Butaritari,100,KI,1610336417,81,3.0707,172.7902,81.46,19.19
3,Avera,1,US,1610336591,100,33.194,-82.5271,37.99,3.44
4,Pailón,20,BO,1610336591,83,-17.65,-62.75,80.6,13.8
5,Bowen,75,AU,1610336591,78,-20.0167,148.2333,80.6,20.71
6,Upernavik,99,GL,1610336592,86,72.7868,-56.1549,11.79,13.76
7,Guerrero Negro,0,MX,1610336592,40,27.9769,-114.0611,61.25,3.94
8,Coihueco,75,CL,1610336592,82,-36.6167,-71.8333,60.8,6.91
9,Rikitea,42,PF,1610336592,79,-23.1203,-134.9692,78.28,17.83
10,Ancud,0,CL,1610336592,93,-41.8697,-73.8203,43.0,4.61
11,Yerbogachën,100,RU,1610336592,87,61.2767,108.0108,-19.12,6.42
12,Albany,75,US,1610336592,92,42.6001,-73.9662,23.0,2.13
13,Vaini,75,TO,1610336593,78,-21.2,-175.2,82.4,6.91
14,Ribeira Grande,90,PT,1610336593,92,38.5167,-28.7,62.42,9.13
15,Zvolen,0,SK,1610336593,86,48.5744,19.1532,25.0,55.99
16,Kayerkan,100,RU,1610336593,89,69.3497,87.7602,-12.06,9.93
17,Shingū,75,JP,1610336593,60,33.7333,135.9833,41.0,8.05
18,Salalah,0,OM,1610336593,30,17.0151,54.0924,66.2,10.36
19,Solano,1,US,1610336593,71,38.2333,-121.9511,50.0,5.75
20,Palmares,83,BR,1610336594,88,-8.6833,-35.5917,72.9,3.0
21,Sabang,99,ID,1610336594,74,5.8933,95.3214,80.94,6.31
22,Ostrovnoy,13,RU,1610336594,93,68.0531,39.5131,6.44,13.76
23,Tiksi,100,RU,1610336594,84,71.6872,128.8694,-24.2,15.12
24,Ushuaia,75,AR,1610336319,70,-54.8,-68.3,42.8,21.85
25,Castro,81,BR,1610336414,96,-24.7911,-50.0119,65.35,7.58
26,Peace River,20,CA,1610336397,86,56.2501,-117.286,21.2,8.05
27,Cape Town,0,ZA,1610336372,68,-33.9258,18.4232,64.4,10.36
28,Yellowknife,90,CA,1610336377,92,62.456,-114.3525,8.6,6.91
29,Athabasca,25,CA,1610336487,86,54.7169,-113.2854,15.8,4.61
30,Chumikan,8,RU,1610336595,82,54.7183,135.315,-10.68,16.02
31,Tual,0,ID,1610336360,70,-5.6667,132.75,84.42,6.71
32,Ouango,0,CF,1610336596,37,4.3133,22.5552,63.43,2.55
33,Antanifotsy,99,MG,1610336596,84,-19.65,47.3167,63.93,0.54
34,Villa Carlos Paz,40,AR,1610336596,83,-31.4241,-64.4978,82.0,12.66
35,Hithadhoo,100,MV,1610336596,76,-0.6,73.0833,81.23,14.88
36,Avarua,84,CK,1610336596,74,-21.2078,-159.775,84.2,10.36
37,Artyshta,100,RU,1610336597,97,54.1222,86.2909,10.36,4.05
38,Hasaki,75,JP,1610336597,48,35.7333,140.8333,41.0,6.91
39,Ilulissat,75,GL,1610336537,79,69.2167,-51.1,19.4,3.44
40,Bengkulu,100,ID,1610336597,60,-3.8004,102.2655,86.72,3.71
41,São Félix do Xingu,100,BR,1610336597,95,-6.6447,-51.995,71.98,1.88
42,Dikson,100,RU,1610336597,97,73.5069,80.5464,19.17,12.91
43,Muskegon,90,US,1610336439,93,43.3,-86.1334,30.2,2.77
44,Busselton,1,AU,1610336598,43,-33.65,115.3333,75.99,3.0
45,Waslala,95,NI,1610336598,93,13.2333,-85.3833,68.59,3.44
46,Tasiilaq,90,GL,1610336442,67,65.6145,-37.6368,17.6,4.61
47,Los Llanos de Aridane,75,ES,1610336598,72,28.6585,-17.9182,59.0,11.5
48,Saint Paul Harbor,90,US,1610336598,93,57.79,-152.4072,35.6,19.57
49,Leningradskiy,96,RU,1610336598,83,69.3833,178.4167,-22.13,10.4
50,São João da Barra,42,BR,1610336598,87,-21.6403,-41.0511,76.8,17.83
51,Cidreira,17,BR,1610336406,83,-30.1811,-50.2056,76.62,22.97
52,Khatanga,100,RU,1610336482,91,71.9667,102.5,-8.54,14.5
53,Cabra,26,ES,1610336599,85,37.4725,-4.4421,34.0,4.76
54,Cullera,99,ES,1610336599,82,39.1667,-0.25,44.01,5.99
55,Atambua,18,ID,1610336599,76,-9.1061,124.8925,83.16,4.34
56,Springdale,1,US,1610336599,93,36.1867,-94.1288,28.4,6.91
57,Hermanus,21,ZA,1610336599,83,-34.4187,19.2345,64.99,4.0
58,Stawell,100,AU,1610336600,16,-37.05,142.7667,93.99,20.45
59,Napier City,16,NZ,1610336600,64,-39.4833,176.9167,73.0,4.0
60,Jamestown,1,US,1610336600,86,42.097,-79.2353,24.8,6.91
61,Barrow,90,US,1610336600,78,71.2906,-156.7887,5.0,9.22
62,Bredasdorp,84,ZA,1610336600,88,-34.5322,20.0403,57.2,2.3
63,Kwang Binh,100,VN,1610336600,81,17.4833,106.6,58.03,24.67
64,Talara,37,PE,1610336600,83,-4.5772,-81.2719,70.32,12.12
65,Atuona,97,PF,1610336601,80,-9.8,-139.0333,77.83,14.0
66,Tobol,100,KZ,1610336601,97,52.6844,62.5794,15.49,7.78
67,Biak,100,ID,1610336601,68,-0.9131,122.8766,84.87,2.3
68,Tuktoyaktuk,75,CA,1610336382,92,69.4541,-133.0374,6.8,4.61
69,Nalhāti,47,IN,1610336601,42,24.3,87.8167,78.6,9.82
70,New Norfolk,98,AU,1610336602,15,-42.7826,147.0587,99.0,5.01
71,Sørland,34,NO,1610336602,84,67.667,12.6934,34.12,18.19
72,Beira,75,MZ,1610336602,94,-19.8436,34.8389,77.0,3.44
73,Punta Arenas,40,CL,1610336602,70,-53.15,-70.9167,42.8,9.22
74,Stokmarknes,71,NO,1610336603,67,68.5646,14.9108,28.0,7.0
75,Hobart,0,AU,1610336555,18,-42.8794,147.3294,99.0,11.5
76,Vardø,75,NO,1610336603,79,70.3705,31.1107,12.2,23.02
77,Sandwick,90,GB,1610336604,86,60.0,-1.25,33.8,8.05
78,Pochutla,80,MX,1610336604,89,15.7432,-96.4661,75.0,2.62
79,Hilo,90,US,1610336604,65,19.7297,-155.09,77.0,6.91
80,George Town,20,MY,1610336464,61,5.4112,100.3354,82.4,9.22
81,Hong Kong,100,HK,1610336575,51,22.2855,114.1577,51.01,3.0
82,Kapaa,1,US,1610336496,78,22.0752,-159.319,77.0,11.5
83,Pisco,0,PE,1610336604,83,-13.7,-76.2167,69.8,12.66
84,Codrington,100,AU,1610336605,19,-38.2667,141.9667,94.69,19.98
85,Srednekolymsk,41,RU,1610336605,83,67.45,153.6833,-35.9,2.24
86,Muhafazat Lahij,61,YE,1610336605,81,13.1667,44.5833,65.98,7.09
87,Port Alfred,95,ZA,1610336606,86,-33.5906,26.891,66.0,17.94
88,Timrå,31,SE,1610336606,92,62.487,17.3257,10.0,3.44
89,Alice Springs,40,AU,1610336606,21,-23.7,133.8833,93.2,8.05
90,Port Elizabeth,90,ZA,1610336606,73,-33.918,25.5701,68.0,11.5
91,Katsuura,100,JP,1610336433,31,35.1333,140.3,43.0,9.06
92,Krasnovishersk,0,RU,1610336607,84,60.4078,57.082,-12.17,5.41
93,Lompoc,1,US,1610336607,87,34.6391,-120.4579,53.01,8.72
94,Kavieng,94,PG,1610336607,69,-2.5744,150.7967,84.29,4.07
95,Bluff,64,NZ,1610336452,70,-46.6,168.3333,57.99,14.0
96,Chokurdakh,0,RU,1610336607,84,70.6333,147.9167,-33.81,7.85
97,Qaanaaq,0,GL,1610336608,75,77.484,-69.3632,-0.04,5.23
98,Petatlán,100,MX,1610336608,74,17.5167,-101.2667,72.03,3.06
99,Manicoré,98,BR,1610336608,97,-5.8092,-61.3003,73.74,3.0
100,Juradó,99,CO,1610336608,87,7.1053,-77.7641,75.96,1.57
101,Paso de Carrasco,75,UY,1610336609,73,-34.8603,-56.0522,78.01,14.97
102,Kyra,100,RU,1610336609,81,49.5776,111.9753,2.73,2.44
103,Bayjī,0,IQ,1610336609,49,34.9311,43.487,48.99,5.88
104,Dunedin,75,NZ,1610336426,65,-45.8742,170.5036,56.3,4.9
105,Coquimbo,0,CL,1610336609,82,-29.9533,-71.3436,59.0,4.61
106,Cobán,94,GT,1610336609,99,15.4833,-90.3667,57.2,0.65
107,Lebu,99,CL,1610336412,85,-37.6167,-73.65,55.24,7.38
108,Zhicheng,27,CN,1610336610,49,30.2956,111.5047,45.39,3.8
109,Ottappālam,90,IN,1610336610,78,10.7667,76.3833,78.8,7.16
110,Terrace,90,CA,1610336610,100,54.5163,-128.6035,33.8,8.05
111,Constitución,100,CL,1610336456,91,-35.3333,-72.4167,56.77,4.21
112,Pârscov,100,RO,1610336610,94,45.2833,26.55,30.99,11.99
113,San Jose,75,US,1610336397,66,37.3394,-121.895,55.0,2.35
114,Ape,100,LV,1610336610,96,57.5393,26.6929,19.51,9.01
115,Vestmannaeyjar,0,IS,1610336611,85,63.4427,-20.2734,28.04,6.55
116,Torbay,90,CA,1610336611,93,47.6666,-52.7314,32.0,23.02
117,Pangnirtung,87,CA,1610336611,90,66.1451,-65.7125,4.39,2.13
118,Longyan,96,CN,1610336611,61,25.1072,117.0225,43.23,6.17
119,Al Bardīyah,14,LY,1610336611,50,31.7561,25.0865,65.73,8.57
120,Manta,20,EC,1610336527,83,-0.95,-80.7333,77.0,5.75
121,Mount Vernon,20,US,1610336611,55,40.9126,-73.8371,35.6,5.75
122,Qasigiannguit,75,GL,1610336612,79,68.8193,-51.1922,19.4,3.44
123,Marovoay,40,MG,1610336612,94,-16.1,46.6333,77.0,4.61
124,Abu Samrah,0,SY,1610336612,55,35.3029,37.1841,46.02,1.19
125,Loreto,0,MX,1610336612,44,22.2667,-101.9667,51.55,6.64
126,Mount Isa,40,AU,1610336582,28,-20.7333,139.5,96.8,5.75
127,Mount Gambier,100,AU,1610336612,12,-37.8333,140.7667,98.6,25.32
128,Verín,0,ES,1610336612,55,41.9415,-7.4381,28.0,2.26
129,Lüderitz,40,NA,1610336613,71,-26.6481,15.1594,65.71,12.08
130,Turukhansk,60,RU,1610336613,81,65.8167,87.9833,-24.68,2.24
131,Xam Nua,98,LA,1610336613,60,20.4197,104.0439,42.57,4.59
132,Road Town,57,VG,1610336410,87,18.4167,-64.6167,78.01,11.01
133,Inuvik,100,CA,1610336613,85,68.3499,-133.7218,1.4,1.14
134,Kolyvan',90,RU,1610336613,85,55.3053,82.7391,8.6,6.71
135,Zhigansk,100,RU,1610336614,82,66.7697,123.3711,-38.04,7.34
136,Ilhabela,99,BR,1610336614,88,-23.7781,-45.3581,77.38,10.02
137,Mariehamn,75,AX,1610336614,86,60.0973,19.9348,28.4,1.14
138,Longyearbyen,40,SJ,1610336593,64,78.2186,15.6401,28.4,16.11
139,Saskylakh,100,RU,1610336614,87,71.9167,114.0833,-8.34,15.39
140,Khandyga,100,RU,1610336614,82,62.6667,135.6,-35.95,0.56
141,Meulaboh,89,ID,1610336615,80,4.1363,96.1285,81.12,7.78
142,Tilichiki,100,RU,1610336615,93,60.4667,166.1,-4.86,12.17
143,Barddhamān,29,IN,1610336615,59,23.25,87.85,75.0,9.44
144,São Francisco,100,BR,1610336615,84,-15.9486,-44.8644,72.68,1.66
145,Nishihara,75,JP,1610336615,59,26.1842,127.7558,66.2,10.36
146,Cayenne,75,GF,1610336616,100,4.9333,-52.3333,77.0,12.44
147,Provideniya,75,RU,1610336616,71,64.3833,-173.3,-0.4,17.9
148,Distrikt Brokopondo,100,SR,1610336616,88,4.75,-55.1667,75.63,10.0
149,Lorengau,19,PG,1610336616,68,-2.0226,147.2712,84.81,2.75
150,Iqaluit,75,CA,1610336616,78,63.7506,-68.5145,1.4,14.97
151,Thompson,1,CA,1610336616,85,55.7435,-97.8558,6.8,4.61
152,La Ronge,100,CA,1610336616,79,55.1001,-105.2842,21.2,3.44
153,Fengzhen,0,CN,1610336616,76,40.4394,113.1536,8.47,9.73
154,Puerto Morazán,89,NI,1610336617,70,12.8504,-87.1717,75.54,1.59
155,Olafsvik,0,IS,1610336617,90,64.8945,-23.7142,26.96,21.09
156,Lagoa,42,PT,1610336617,91,39.05,-27.9833,61.29,9.95
157,Namatanai,64,PG,1610336617,63,-3.6667,152.4333,86.49,3.29
158,Zhongshu,100,CN,1610336617,93,24.5167,103.7667,27.93,6.8
159,Pangody,17,RU,1610336617,82,65.85,74.4859,-22.11,6.29
160,Kruisfontein,94,ZA,1610336618,80,-34.0033,24.7314,66.0,1.99
161,Rio Grande,0,BR,1610336512,86,-32.035,-52.0986,77.0,3.0
162,Milton,87,US,1610336618,84,34.1322,-84.3007,39.0,1.01
163,Husavik,90,IS,1610336619,79,66.0449,-17.3389,19.4,4.61
164,Coyhaique,53,CL,1610336619,83,-45.5752,-72.0662,37.71,6.71
165,Carnarvon,0,AU,1610336620,69,-24.8667,113.6333,82.4,21.85
166,Kramat,88,ID,1610336620,68,-8.1311,113.4499,86.9,2.13
167,Buraidah,0,SA,1610336620,100,26.326,43.975,48.2,2.3
168,Newport,98,GB,1610336475,85,51.5877,-2.9984,45.0,7.52
169,Tromsø,40,NO,1610336622,54,69.6496,18.957,24.8,16.11
170,Sarangani,100,PH,1610336622,74,5.4033,125.4636,83.79,16.78
171,Fortuna,1,US,1610336622,100,40.5982,-124.1573,50.0,3.22
172,Winslow,1,US,1610336622,40,35.0242,-110.6974,28.4,4.61
173,Palmer,40,US,1610336623,79,42.1584,-72.3287,25.0,1.36
174,Isiro,2,CD,1610336623,84,2.7739,27.616,64.26,1.43
175,Bethel,1,US,1610336623,74,41.3712,-73.414,27.0,3.69
176,Melbu,19,NO,1610336439,67,68.5044,14.8297,28.0,7.0
177,Salym,25,RU,1610336624,86,60.0625,71.4789,-25.8,5.26
178,Uddevalla,90,SE,1610336552,100,58.3478,11.9424,37.0,11.5
179,Airai,10,TL,1610336624,92,-8.9266,125.4092,73.36,1.59
180,Geraldton,0,AU,1610336624,35,-28.7667,114.6,87.8,21.85
181,Mamaku,0,NZ,1610336624,58,-38.1,176.0833,78.01,7.0
182,Media Luna,96,CU,1610336624,87,20.1419,-77.435,72.52,16.15
183,Chicama,48,PE,1610336624,80,-7.8447,-79.1469,69.78,6.38
184,Kargil,0,IN,1610336625,63,34.5667,76.1,-5.66,1.12
185,Bariloche,75,AR,1610336625,75,-41.1456,-71.3082,41.0,21.85
186,Bulgan,93,MN,1610336625,83,48.8125,103.5347,6.03,5.1
187,Lavrentiya,100,RU,1610336625,83,65.5833,-171.0,-15.09,13.62
188,Santa Cruz de la Sierra,20,BO,1610336561,83,-17.8,-63.1667,80.6,13.8
189,Ahipara,0,NZ,1610336625,60,-35.1667,173.1667,70.09,10.67
190,Kabanjahe,40,ID,1610336626,94,3.1001,98.4908,80.6,6.91
191,Maumere,71,ID,1610336626,71,-8.6199,122.2111,85.06,1.83
192,Saint-Philippe,90,RE,1610336385,94,-21.3585,55.7679,78.8,11.5
193,Severo-Kuril'sk,98,RU,1610336626,87,50.6789,156.125,20.75,18.21
194,Port-Gentil,85,GA,1610336626,81,-0.7193,8.7815,79.52,9.95
195,Mozarlândia,99,BR,1610336626,87,-14.7447,-50.5706,74.91,0.94
196,Havre-St-Pierre,20,CA,1610336627,85,50.2334,-63.5986,5.0,5.75
197,Matara,97,LK,1610336627,70,5.9485,80.5353,82.98,0.45
198,Laguna,1,US,1610336627,81,38.421,-121.4238,50.0,4.61
199,Kloulklubed,75,PW,1610336580,74,7.0419,134.2556,86.0,9.22
200,Rawson,88,AR,1610336445,30,-43.3002,-65.1023,61.9,14.58
201,Taoudenni,64,ML,1610336627,40,22.6783,-3.9836,56.39,11.18
202,Williamsburg,1,US,1610336393,80,37.2707,-76.7075,33.8,0.87
203,Bilibino,10,RU,1610336628,82,68.0546,166.4372,-28.08,0.92
204,Arlit,0,NE,1610336628,22,18.7369,7.3853,69.13,7.99
205,Amahai,32,ID,1610336628,65,-3.3333,128.9167,86.83,4.65
206,Souillac,75,MU,1610336612,100,-20.5167,57.5167,78.8,9.22
207,Esim,10,GH,1610336628,88,4.8699,-2.2405,78.3,8.66
208,Balsas,94,BR,1610336388,89,-7.5325,-46.0356,74.41,1.43
209,Peniche,0,PT,1610336629,61,39.3558,-9.3811,37.0,7.0
210,Bathsheba,20,BB,1610336629,65,13.2167,-59.5167,78.8,23.02
211,Waipawa,40,NZ,1610336629,72,-41.4122,175.5153,71.01,17.27
212,Yantal',100,RU,1610336629,89,56.8471,105.2542,-1.1,3.91
213,Kahului,40,US,1610336383,54,20.8947,-156.47,80.6,17.27
214,Tautira,75,PF,1610336629,58,-17.7333,-149.15,86.0,11.5
215,Port Blair,18,IN,1610336597,71,11.6667,92.75,82.53,13.51
216,Sakakah,0,SA,1610336630,66,29.9697,40.2064,48.2,4.21
217,Porto-Novo,40,BJ,1610336630,94,6.4965,2.6036,80.6,9.22
218,Taltal,47,CL,1610336420,75,-25.4,-70.4833,63.12,2.53
219,Pascagoula,90,US,1610336373,70,30.3658,-88.5561,41.0,6.91
220,Willmar,90,US,1610336630,80,45.1219,-95.0433,32.0,13.8
221,Lázaro Cárdenas,89,MX,1610336630,82,17.9583,-102.2,72.82,3.76
222,Lake Cowichan,75,CA,1610336385,100,48.825,-124.0546,45.0,10.36
223,Neiafu,75,TO,1610336631,74,-18.65,-173.9833,84.2,10.36
224,Arraial do Cabo,52,BR,1610336587,90,-22.9661,-42.0278,76.46,17.29
225,Padang,79,ID,1610336631,58,-0.9492,100.3543,86.7,3.85
226,Maryville,75,US,1610336631,80,35.7565,-83.9705,33.8,3.44
227,Māngrol,23,IN,1610336632,49,21.1167,70.1167,72.07,13.82
228,Mitchell,1,US,1610336471,80,43.7094,-98.0298,30.2,10.36
229,Faanui,100,PF,1610336632,69,-16.4833,-151.75,81.77,16.13
230,Gioia Tauro,75,IT,1610336632,88,38.424,15.899,59.0,6.91
231,Amuntai,38,ID,1610336632,57,-2.4177,115.2494,90.52,3.62
232,Ciudad Bolivar,5,VE,1610336632,85,8.1222,-63.5497,75.25,10.71
233,Deputatsky,53,RU,1610336633,82,69.3,139.9,-35.99,4.43
234,Seoul,100,KR,1610336379,63,37.5683,126.9778,23.0,1.14
235,Minna,0,NG,1610336633,21,9.6139,6.5569,72.81,8.48
236,Puerto Ayora,1,EC,1610336454,93,-0.7393,-90.3518,73.99,6.15
237,Laas,0,IT,1610336633,72,46.6166,10.7002,17.01,9.22
238,Beringovskiy,7,RU,1610336634,84,63.05,179.3167,-21.05,13.67
239,Port Lincoln,87,AU,1610336634,67,-34.7333,135.8667,72.32,22.88
240,Kemijärvi,100,FI,1610336634,94,66.7131,27.4306,7.79,10.33
241,Iskateley,27,RU,1610336634,89,67.6803,53.1512,-9.27,5.1
242,Okato,0,NZ,1610336634,70,-39.2,173.8833,75.0,5.01
243,Ponta do Sol,2,PT,1610336415,71,32.6667,-17.1,52.0,3.0
244,Talcahuano,90,CL,1610336634,100,-36.7167,-73.1167,57.2,5.75
245,Vrangel',0,RU,1610336635,75,42.7297,133.0839,13.95,3.62
246,Cabo San Lucas,1,MX,1610336635,72,22.8909,-109.9124,64.4,8.05
247,Conakry,0,GN,1610336635,76,9.538,-13.6773,78.67,9.22
248,Balakovo,94,RU,1610336635,97,52.0278,47.8007,14.59,4.54
249,Marathon,90,US,1610336635,93,44.9,-89.7668,19.0,5.75
250,Bull Savanna,100,JM,1610336635,87,17.8868,-77.5902,72.77,6.82
251,Zelenoborskiy,89,RU,1610336635,93,66.845,32.3622,-2.4,4.54
252,Homer,90,US,1610336490,81,59.6425,-151.5483,39.2,12.66
253,Maracás,28,BR,1610336636,100,-13.4411,-40.4308,63.99,3.36
254,Bandarbeyla,53,SO,1610336636,70,9.4942,50.8122,72.05,21.27
255,Kutum,0,SD,1610336636,41,14.2,24.6667,51.28,11.1
256,Muyezerskiy,100,RU,1610336636,91,63.9333,31.65,-2.16,5.86
257,Atar,91,MR,1610336636,43,20.5169,-13.0499,53.38,11.05
258,Sinnamary,93,GF,1610336636,86,5.3833,-52.95,77.14,12.75
259,Mackay,75,AU,1610336525,89,-21.15,149.2,78.8,16.11
260,Chongwe,100,ZM,1610336637,95,-15.3292,28.682,65.35,0.4
261,Tuatapere,88,NZ,1610336637,70,-46.1333,167.6833,57.99,14.0
262,Dingle,100,PH,1610336637,85,10.9995,122.6711,76.42,15.52
263,Porto Walter,64,BR,1610336637,97,-8.2686,-72.7439,72.57,1.81
264,Saint George,1,US,1610336523,35,37.1041,-113.5841,37.99,2.82
265,Lincoln,40,US,1610336638,74,40.8,-96.667,33.01,3.22
266,East London,90,ZA,1610336638,94,-33.0153,27.9116,66.2,3.44
267,Sambava,70,MG,1610336638,83,-14.2667,50.1667,77.11,4.76
268,Honiara,95,SB,1610336638,76,-9.4333,159.95,83.68,3.11
269,Dmitriyevka,90,RU,1610336638,86,54.75,55.3333,17.6,8.95
270,Santa Cruz del Sur,61,CU,1610336639,84,20.7147,-77.9956,71.56,13.65
271,Fort Dodge,90,US,1610336639,80,42.4975,-94.168,30.2,6.91
272,Nikolskoye,0,RU,1610336639,85,59.7035,30.7861,5.0,6.71
273,Clyde River,90,CA,1610336526,92,70.4692,-68.5914,5.0,12.66
274,Pundaguitan,100,PH,1610336639,82,6.3711,126.1689,81.3,16.37
275,Baruun-Urt,30,MN,1610336639,85,46.6806,113.2792,-5.6,11.1
276,Tilbury,94,GB,1610336639,93,51.4625,0.3586,39.0,3.0
277,Yulara,9,AU,1610336640,11,-25.2406,130.9889,98.6,6.91
278,Tanout,0,NE,1610336640,26,14.9709,8.8879,64.65,10.56
279,Takoradze,0,GH,1610336378,89,4.8845,-1.7554,77.94,7.49
280,Galesong,20,ID,1610336640,74,-5.3166,119.3661,84.2,2.3
281,Yakima,90,US,1610336411,87,46.4665,-120.6678,39.99,1.14
282,Urucará,53,BR,1610336640,97,-2.5364,-57.76,73.31,1.9
283,Kamakwie,0,SL,1610336641,83,9.5,-12.2333,74.64,4.43
284,Praia,75,CV,1610336641,60,14.9215,-23.5087,69.8,20.71
285,Ust-Kuyga,94,RU,1610336641,81,70.0167,135.6,-32.94,8.79
286,Talnakh,100,RU,1610336641,87,69.4865,88.3972,-14.93,7.56
287,Akdepe,0,TM,1610336641,74,42.0551,59.3788,24.8,9.22
288,Torbat-e Jām,0,IR,1610336410,66,35.244,60.6225,34.14,1.23
289,Doha,0,QA,1610336544,55,25.2867,51.5333,64.4,6.91
290,Saldanha,0,ZA,1610336642,82,-33.0117,17.9442,57.2,6.91
291,Kirakira,100,SB,1610336642,66,-10.4544,161.9205,86.72,4.79
292,Mopti,0,ML,1610336642,35,14.6667,-4.0,73.4,9.22
293,Akşehir,91,TR,1610336642,78,38.3575,31.4164,48.92,8.5
294,Chivay,100,PE,1610336643,68,-15.6383,-71.6011,45.46,1.54
295,Klaksvík,75,FO,1610336643,80,62.2266,-6.589,30.2,14.97
296,Bairiki Village,20,KI,1610336643,74,1.3292,172.9752,84.2,10.36
297,Monze,100,ZM,1610336643,95,-16.2833,27.4833,67.21,3.38
298,Panjāb,0,AF,1610336644,40,34.388,67.0233,14.23,4.7
299,Havøysund,20,NO,1610336644,67,70.9963,24.6622,15.8,16.11
300,Batagay,61,RU,1610336644,81,67.6333,134.6333,-33.57,3.69
301,Antofagasta,20,CL,1610336523,77,-23.65,-70.4,64.4,8.05
302,São Miguel do Araguaia,92,BR,1610336644,86,-13.275,-50.1628,74.55,2.33
303,Teya,85,RU,1610336644,85,60.3778,92.6267,-17.61,2.37
304,Soyo,94,AO,1610336645,82,-6.1349,12.3689,76.84,8.16
305,Brae,90,GB,1610336645,86,60.3964,-1.353,33.8,8.05
306,Alghero,40,IT,1610336645,100,40.5589,8.3181,44.6,5.75
307,Mayo,1,US,1610336645,93,38.8876,-76.5119,30.2,3.06
308,Esperance,75,AU,1610336645,46,-33.8667,121.9,69.8,10.36
309,Bezhanitsy,71,RU,1610336645,95,56.9767,29.8907,9.5,4.03
310,Waitati,77,NZ,1610336646,62,-45.75,170.5667,57.47,5.12
311,Nome,1,US,1610336646,67,64.5011,-165.4064,15.8,9.22
312,Hamilton,1,US,1610336387,74,39.1834,-84.5333,30.2,1.95
313,Tateyama,100,JP,1610336646,31,34.9833,139.8667,43.0,11.72
314,Tikhvin,95,RU,1610336646,82,59.6451,33.5294,-4.0,3.71
315,Sumenep,100,ID,1610336646,69,-7.0167,113.8667,85.6,4.54
316,Plácido de Castro,100,BR,1610336646,91,-10.3353,-67.1856,75.04,1.14
317,Prince Rupert,90,CA,1610336569,87,54.3161,-130.3201,44.6,23.02
318,Northam,99,GB,1610336647,88,51.0333,-4.2167,46.0,7.0
319,Siocon,71,PH,1610336647,76,7.7061,122.1353,84.36,9.6
320,Clarence Town,20,AU,1610336647,50,-32.5833,151.7833,84.99,17.27
321,Coahuayana Viejo,0,MX,1610336647,85,18.7333,-103.6833,69.24,2.84
322,Comodoro Rivadavia,0,AR,1610336647,35,-45.8667,-67.5,55.4,20.71
323,Norman Wells,20,CA,1610336647,85,65.282,-126.8329,1.4,3.44
324,Nayoro,100,JP,1610336600,94,44.3506,142.4578,18.86,10.65
325,Krasnoborsk,25,RU,1610336648,89,61.5598,45.934,-10.73,4.85
326,San Rafael del Sur,20,NI,1610336648,73,11.8485,-86.4384,77.0,6.91
327,Laem Sing,0,TH,1610336648,54,12.4816,102.0738,84.99,16.11
328,Valparaíso,0,CL,1610336481,94,-33.0393,-71.6273,53.6,2.3
329,Thinadhoo,100,MV,1610336365,76,0.5333,72.9333,81.07,13.65
330,Tezu,97,IN,1610336648,46,27.9167,96.1667,67.59,1.95
331,Luzhou,98,CN,1610336648,55,28.8724,105.4405,44.06,5.86
332,Touros,40,BR,1610336521,78,-5.1989,-35.4608,78.8,6.91
333,Mayor Pablo Lagerenza,39,PY,1610336649,52,-19.9309,-60.7718,85.44,9.37
334,Mar del Plata,90,AR,1610336350,88,-38.0023,-57.5575,66.2,10.36
335,Aklavik,100,CA,1610336649,85,68.2191,-135.0107,1.4,1.14
336,North Bend,90,US,1610336649,100,43.4065,-124.2243,50.0,4.09
337,Stromness,90,GB,1610336649,87,58.965,-3.296,37.4,10.36
338,Humaitá,35,BR,1610336650,96,-7.5061,-63.0208,74.68,3.04
339,Sitka,90,US,1610336650,81,57.0531,-135.33,42.8,13.8
340,Xapuri,99,BR,1610336650,79,-10.6517,-68.5044,76.03,3.06
341,Nelson Bay,20,AU,1610336650,50,-32.7167,152.15,84.99,17.27
342,Safi,85,MA,1610336650,63,32.2994,-9.2372,53.78,8.81
343,Athmallik,5,IN,1610336650,36,20.7219,84.5348,83.39,1.59
344,Nhulunbuy,40,AU,1610336650,66,-12.2333,136.7667,89.6,11.5
345,Paso de los Toros,21,UY,1610336651,64,-32.8167,-56.5167,80.08,18.84
346,Bartica,20,GY,1610336651,94,6.4,-58.6167,75.2,2.3
347,Samarai,73,PG,1610336590,70,-10.6167,150.6667,87.04,10.94
348,Arrondissement de Lannion,90,FR,1610336651,81,48.75,-3.4167,41.0,5.75
349,Yashkul',62,RU,1610336651,95,46.1711,45.3435,31.14,9.62
350,Laje,35,BR,1610336651,82,-10.1833,-40.9667,71.71,0.36
351,Elk River,76,US,1610336652,89,45.3038,-93.5672,24.01,8.57
352,Vryheid,72,ZA,1610336652,91,-27.7695,30.7917,60.87,0.81
353,Trincomalee,100,LK,1610336652,95,8.5711,81.2335,73.38,6.06
354,Umluj,0,SA,1610336652,38,25.0213,37.2685,73.94,16.33
355,Samfya,100,ZM,1610336652,96,-11.3649,29.5565,64.99,7.85
356,Pinjaur,0,IN,1610336652,49,30.7972,76.9172,48.2,2.15
357,Barra do Corda,100,BR,1610336653,95,-5.5,-45.25,73.06,2.48
358,Dawson Creek,1,CA,1610336653,52,55.7666,-120.2362,41.0,10.36
359,Firminópolis,92,BR,1610336653,93,-16.5819,-50.305,69.17,1.81
360,Māgadi,90,IN,1610336653,83,12.9667,77.2333,77.0,3.44
361,Vila Velha,20,BR,1610336588,83,-20.3297,-40.2925,78.8,6.91
362,Ongandjera,72,NA,1610336653,55,-17.8833,15.0667,68.85,7.81
363,Maceió,40,BR,1610336653,88,-9.6658,-35.7353,75.2,4.61
364,Isangel,90,VU,1610336654,79,-19.55,169.2667,84.2,4.61
365,Guarda,0,PT,1610336654,98,40.5373,-7.2658,22.66,13.44
366,Saint Anthony,40,US,1610336654,80,45.0205,-93.218,26.6,6.91
367,Hofn,0,IS,1610336654,86,64.2539,-15.2082,26.04,19.17
368,Tungor,100,RU,1610336654,88,53.3808,142.9564,-8.27,14.5
369,Madang,100,PG,1610336654,71,-5.2246,145.7966,86.02,7.72
370,Caravelas,6,BR,1610336655,89,-17.7125,-39.2481,75.6,6.06
371,Nanortalik,100,GL,1610336655,94,60.1432,-45.2371,31.82,3.65
372,Stann Creek Town,84,BZ,1610336655,95,16.9692,-88.2321,71.01,11.86
373,Itarema,33,BR,1610336655,84,-2.9248,-39.9167,76.8,9.22
374,Chui,16,UY,1610336655,88,-33.6971,-53.4616,73.4,13.04
375,Aktobe,90,KZ,1610336655,93,50.2797,57.2072,26.6,4.47
376,Petropavlovsk-Kamchatskiy,55,RU,1610336656,61,53.0452,158.6483,10.4,4.47
377,Marawi,97,PH,1610336656,83,7.9986,124.2928,75.42,3.69
378,Pevek,100,RU,1610336656,87,69.7008,170.3133,-27.53,2.89
379,Ambulu,89,ID,1610336656,70,-8.345,113.6058,86.18,4.52
380,Noumea,75,NC,1610336432,70,-22.2763,166.4572,87.8,9.22
381,Ørnes,0,NO,1610336656,59,66.8689,13.7078,26.6,23.02
382,Poso,2,ID,1610336656,59,-1.3959,120.7524,87.8,5.73
383,Torres,51,BR,1610336656,92,-29.3353,-49.7269,72.97,9.93
384,Fort Nelson,40,CA,1610336657,92,58.8053,-122.7002,6.8,5.75
385,Dāmghān,0,IR,1610336657,78,36.1683,54.348,30.11,1.1
386,Necochea,100,AR,1610336657,92,-38.5473,-58.7368,62.01,9.78
387,Vila,0,PT,1610336657,80,42.0304,-8.1588,30.99,1.99
388,Arroyo de la Encomienda,75,ES,1610336657,80,41.6096,-4.7969,33.01,9.22
389,Aykhal,19,RU,1610336657,80,66.0,111.5,-36.38,2.46
390,Siniscola,75,IT,1610336658,87,40.5719,9.6922,48.2,3.44
391,Sungai Penuh,100,ID,1610336604,64,-2.0833,101.3833,78.17,1.23
392,Santa Lucía,40,ES,1610336658,72,27.9117,-15.5407,59.0,10.36
393,Caucayá,27,CO,1610336658,97,-0.1934,-74.7819,71.06,1.23
394,Kaitangata,86,NZ,1610336658,52,-46.2817,169.8464,64.0,11.01
395,Qujing,100,CN,1610336658,92,25.4833,103.7833,27.05,11.81
396,Along,98,IN,1610336659,70,28.1667,94.7667,60.98,0.22
397,Korla,0,CN,1610336547,83,41.7597,86.1469,16.56,6.44
398,Port Hueneme,1,US,1610336659,87,34.1478,-119.1951,54.0,2.19
399,Hanover,90,DE,1610336659,87,52.3705,9.7332,37.99,9.22
400,Hlatikulu,22,SZ,1610336659,100,-26.9667,31.3167,59.09,2.13
401,Poronaysk,21,RU,1610336659,83,49.2167,143.1167,-1.61,2.24
402,Jiangyou,0,CN,1610336660,47,31.7667,104.7167,43.92,7.34
403,Portomaggiore,17,IT,1610336660,85,44.6985,11.8068,32.0,8.55
404,Acarí,100,PE,1610336660,69,-15.4311,-74.6158,71.55,3.11
405,Kibala,0,TD,1610336660,40,9.1104,18.3463,68.0,3.44
406,Acapulco de Juárez,90,MX,1610336660,78,16.8634,-99.8901,78.8,5.75
407,Hawera,0,NZ,1610336660,62,-39.5917,174.2833,75.0,6.91
408,Makaha,1,US,1610336660,69,21.4694,-158.2175,82.4,10.36
409,Ranipur,0,PK,1610336661,70,27.2879,68.5051,44.6,3.67
410,San Quintín,35,MX,1610336661,65,30.4833,-115.95,58.01,4.25
411,Vera Cruz,23,BR,1610336661,96,-12.6333,-41.0333,69.19,0.94
412,Le Port,0,RE,1610336429,78,-20.9373,55.2919,80.6,4.61
413,Motema,88,SL,1610336484,97,8.6,-11.0333,70.86,1.05
414,São Filipe,55,CV,1610336661,73,14.8961,-24.4956,69.15,16.67
415,Moranbah,81,AU,1610336662,61,-22.0016,148.0466,82.87,18.81
416,Santiago,0,CL,1610336560,45,-33.4569,-70.6483,62.6,10.36
417,Yangi Marg`ilon,0,UZ,1610336662,63,40.4272,71.7189,21.2,6.91
418,Union,1,US,1610336607,59,40.6334,-74.2663,32.0,3.44
419,Vao,100,NC,1610336485,87,-22.6667,167.4833,78.8,17.18
420,Son La,99,VN,1610336620,60,21.3167,103.9,43.45,2.93
421,Ranfurly,76,NZ,1610336663,70,-45.1333,170.1,62.01,1.99
422,Grand Gaube,2,MU,1610336663,86,-20.0064,57.6608,81.0,5.99
423,Kandrian,100,PG,1610336663,57,-6.2167,149.55,90.43,5.82
424,Lynn Haven,33,US,1610336663,80,30.2455,-85.6483,43.0,1.99
425,Médéa,40,DZ,1610336663,93,36.2642,2.7539,44.6,5.75
426,Lata,0,PT,1610336663,86,40.1629,-8.3327,42.01,2.3
427,Vadsø,75,NO,1610336663,79,70.0744,29.7487,12.2,23.02
428,Yumen,46,CN,1610336391,62,40.2833,97.2,21.54,34.43
429,Río Gallegos,90,AR,1610336551,87,-51.6226,-69.2181,44.6,18.41
430,San Policarpo,100,PH,1610336639,85,12.1791,125.5072,80.06,17.38
431,Vila Franca do Campo,75,PT,1610336664,94,37.7167,-25.4333,55.4,11.5
432,Mehamn,51,NO,1610336588,92,71.0357,27.8492,14.38,18.61
433,Pangkalanbuun,100,ID,1610336664,75,-2.6833,111.6167,84.74,3.71
434,Pinega,0,RU,1610336664,89,64.7001,43.3936,-9.9,4.59
435,Ortigueira,1,BR,1610336664,99,-24.2083,-50.9494,66.83,4.14
436,Jalu,17,LY,1610336665,50,29.0331,21.5482,60.87,9.08
437,Loa Janan,80,ID,1610336665,79,-0.583,117.095,85.14,2.82
438,Magadan,100,RU,1610336665,82,59.5667,150.8,-0.74,9.15
439,Hinton,48,CA,1610336665,64,53.4001,-117.5857,32.0,3.44
440,Barzas,90,RU,1610336665,85,55.7167,86.3167,6.8,2.24
441,Kahna Nau,90,PK,1610336666,93,31.3692,74.3653,46.4,4.0
442,Konstanz,97,DE,1610336666,79,47.6603,9.1758,26.01,1.01
443,Manhattan,1,US,1610336662,55,40.7834,-73.9662,36.0,4.61
444,Fountain,90,US,1610336666,100,38.6822,-104.7008,21.99,1.45
445,Llanes,97,ES,1610336666,94,43.4198,-4.7549,41.0,1.01
446,Ayna,99,PE,1610336666,74,-12.65,-73.9167,58.78,2.33
447,Rognan,0,NO,1610336667,59,67.0953,15.3878,26.6,23.02
448,Aurillac,0,FR,1610336667,88,44.9167,2.45,24.01,3.0
449,Mala Tokmachka,63,UA,1610336667,93,47.5356,35.8929,23.0,2.04
450,Saint-Pierre,40,RE,1610336667,89,-21.3393,55.4781,80.6,10.36
451,Shubarkuduk,100,KZ,1610336667,98,49.1447,56.4872,24.96,4.61
452,The Valley,20,AI,1610336667,73,18.217,-63.0578,78.8,11.5
453,Nabire,100,ID,1610336667,65,-3.3667,135.4833,86.5,5.08
454,Libreville,40,GA,1610336668,94,0.3925,9.4537,78.8,2.3
455,Dingcheng,76,CN,1610336668,51,32.1272,115.0394,41.2,18.9
456,Hoi An,75,VN,1610336660,72,15.8794,108.335,66.2,11.5
457,Nuuk,75,GL,1610336668,93,64.1835,-51.7216,32.0,21.85
458,Virpur,0,IN,1610336668,55,23.1833,73.4833,71.49,12.93
459,Cortez,1,US,1610336668,79,37.3489,-108.5859,21.2,9.22
460,Toktogul,0,KG,1610336504,55,41.8708,72.9402,26.31,1.07
461,Elko,86,US,1610336668,89,41.0002,-115.5012,23.0,0.83
462,Hobyo,86,SO,1610336669,71,5.3505,48.5268,74.66,20.69
463,Karratha,13,AU,1610336652,28,-20.7377,116.8463,101.48,12.21
464,Fatehābād,0,IN,1610336669,47,29.5167,75.45,54.46,5.08
465,Sistranda,0,NO,1610336669,74,63.7256,8.834,28.4,16.11
466,Lokosovo,9,RU,1610336669,86,61.1333,74.8167,-26.9,6.13
467,Stavern,90,NO,1610336669,100,59.0,10.0333,28.4,5.75
468,Cabatuan,93,PH,1610336669,86,10.8794,122.486,76.71,17.22
469,Kavaratti,29,IN,1610336670,72,10.5669,72.642,82.08,3.09
470,Imbituba,75,BR,1610336670,83,-28.24,-48.6703,78.8,3.44
471,Tumaco,91,CO,1610336670,92,1.7986,-78.8156,74.98,6.82
472,Brookings,90,US,1610336670,86,44.3114,-96.7984,30.2,11.5
473,Goderich,100,CA,1610336670,74,43.7501,-81.7165,30.2,5.75
474,Changtu,100,CN,1610336670,82,42.7788,124.0955,12.56,8.5
475,Ayia Anna,0,CY,1610336670,87,34.9399,33.4843,51.8,6.91
476,Camaná,99,PE,1610336671,73,-16.6228,-72.7111,70.52,5.37
477,Towada,75,JP,1610336671,80,40.6127,141.2067,28.0,13.8
478,Key West,1,US,1610336373,77,24.5557,-81.7826,62.6,8.05
479,Piteå,90,SE,1610336671,100,65.3172,21.4794,26.6,13.8
480,Conway,100,US,1610336671,79,35.0887,-92.4421,34.0,2.04
481,Bubaque,0,GW,1610336671,51,11.2833,-15.8333,79.12,22.53
482,Anda,20,CN,1610336671,89,46.4,125.3167,2.86,7.72
483,Dzaoudzi,40,YT,1610336672,74,-12.7887,45.2699,82.4,9.22
484,Oktyabr'skiy,49,RU,1610336672,92,54.4815,53.471,-1.55,4.41
485,Abu Dhabi,0,AE,1610336582,67,24.4667,54.3667,55.4,10.83
486,Malang,75,ID,1610336672,89,-7.9797,112.6304,80.6,3.44
487,Paamiut,100,GL,1610336672,97,61.994,-49.6678,32.85,8.88
488,Malé,75,MV,1610336672,83,4.1748,73.5089,82.4,4.61
489,Chāndpur,0,IN,1610336673,47,29.15,78.2667,55.11,10.85
490,Basco,46,PH,1610336673,74,20.4487,121.9702,70.5,18.97
491,Hualmay,97,PE,1610336673,85,-11.0964,-77.6139,69.33,7.25
492,Kedrovoye,40,RU,1610336673,77,57.1576,60.5698,-4.0,11.18
493,Koutsouras,100,GR,1610336673,95,35.0339,25.9469,62.01,9.8
494,Pirenópolis,75,BR,1610336673,100,-15.8525,-48.9592,66.2,6.91
495,Martin,1,US,1610336673,72,27.0837,-80.4164,62.6,6.91
496,Kenai,90,US,1610336422,64,60.5544,-151.2583,34.0,13.8
497,Roald,90,NO,1610336674,93,62.5833,6.1333,30.2,8.05
498,Bjørnevatn,20,NO,1610336674,85,69.6672,29.9847,5.0,18.41
499,Świnoujście,100,PL,1610336674,97,53.9105,14.2471,33.01,14.36
500,Usinsk,0,RU,1610336674,83,65.9939,57.5281,-15.92,1.52
501,Buala,99,SB,1610336674,73,-8.145,159.5921,83.73,3.06
502,Orange Walk District,18,BZ,1610336674,79,17.8333,-88.8333,69.01,2.21
503,Dekar,42,BW,1610336675,71,-21.5333,21.9333,71.58,6.53
504,Camacha,20,PT,1610336675,67,33.0833,-16.3333,55.4,20.71
505,San Cristobal,62,VE,1610336560,90,7.7669,-72.225,64.96,2.8
506,Mitsamiouli,70,KM,1610336675,80,-11.3847,43.2844,81.66,16.46
507,Quatre Cocos,75,MU,1610336675,100,-20.2078,57.7625,81.0,9.22
508,Kulhudhuffushi,100,MV,1610336675,73,6.6221,73.07,81.3,3.65
509,Ouégoa,68,NC,1610336675,72,-20.35,164.4333,85.03,2.66
510,St. George's,20,GD,1610336676,73,12.0564,-61.7485,78.8,10.36
511,Barcelos,0,PT,1610336676,56,41.5388,-8.6151,41.0,9.22
512,Moree,75,AU,1610336676,34,-29.4667,149.85,84.2,12.66
513,Iquitos,0,PE,1610336663,94,-3.7481,-73.2472,75.2,1.86
514,Kempele,20,FI,1610336676,79,64.9131,25.5034,18.0,16.11
515,Pita,0,GN,1610336676,35,10.8333,-12.5833,67.91,3.38
516,Paita,47,PE,1610336676,80,-5.0892,-81.1144,70.41,10.18
517,Polyarny,0,RU,1610336676,84,69.1989,33.4478,-2.2,2.24
518,Burnie,98,AU,1610336677,55,-41.0667,145.9167,77.0,10.0
519,Aranos,100,NA,1610336677,85,-24.1333,19.1167,68.5,10.16
520,Bogoslovka,83,RU,1610336677,96,53.2084,44.8013,10.04,5.75
521,Victor Harbor,100,AU,1610336677,21,-35.5667,138.6167,98.01,10.0
522,Haines Junction,100,CA,1610336677,85,60.7522,-137.5108,10.4,1.14
523,Bilma,0,NE,1610336678,25,18.6853,12.9164,66.25,9.28
524,Vurnary,99,RU,1610336678,93,55.4904,46.9648,-3.48,6.22
525,Gelemso,91,ET,1610336678,75,8.8167,40.5167,57.11,3.13
526,Auki,93,SB,1610336678,71,-8.7676,160.7034,85.64,2.04
527,Kondratovo,40,RU,1610336678,72,57.9804,56.1066,3.2,17.9
528,Waddān,10,LY,1610336679,31,29.1614,16.139,63.03,11.01
529,Kushima,75,JP,1610336679,46,31.4583,131.2333,48.2,6.91
530,Kathmandu,20,NP,1610336463,71,27.7167,85.3167,51.8,1.36
531,Kysyl-Syr,100,RU,1610336680,83,63.8986,122.7617,-32.4,2.3
532,Anito,100,PH,1610336680,89,12.4497,125.2886,78.06,15.23
533,Jutaí,87,BR,1610336680,87,-5.1833,-68.9,73.22,1.34
534,Ang Thong,12,TH,1610336681,58,14.6167,100.3667,73.99,11.99
535,Marsh Harbour,100,BS,1610336681,58,26.5412,-77.0636,67.73,6.26
536,Cherskiy,31,RU,1610336682,83,68.75,161.3,-34.82,0.29
537,Port Keats,78,AU,1610336682,58,-14.25,129.55,91.74,8.61
538,Silver City,1,US,1610336682,64,32.7701,-108.2803,28.4,6.91
539,Gunjur,0,GM,1610336558,46,13.2019,-16.7339,69.8,14.97
540,Yanam,40,IN,1610336683,69,16.7333,82.2167,77.0,4.61
541,Carahue,75,CL,1610336683,100,-38.7,-73.1667,51.8,4.61
542,Merauke,77,ID,1610336683,70,-8.4667,140.3333,84.96,7.58
543,Handan,0,CN,1610336461,53,36.6006,114.4678,35.2,8.14
544,Dubti,78,ET,1610336683,72,11.7361,41.0853,67.75,9.89
545,Qaqortoq,90,GL,1610336683,36,60.7167,-46.0333,41.0,20.71
546,Bereda,100,ES,1610336683,88,43.2686,-7.5406,41.0,5.01
547,Derzhavīnsk,100,KZ,1610336684,96,51.1,66.3167,15.49,13.29
548,Maltahöhe,100,NA,1610336684,71,-24.8333,16.9833,66.74,7.25
549,Monywa,55,MM,1610336684,48,22.1167,95.1333,80.42,6.55
550,Třebechovice pod Orebem,100,CZ,1610336684,92,50.201,15.9922,28.99,1.99
551,Leh,0,IN,1610336685,48,34.1667,77.5833,4.44,1.41
552,Teseney,0,ER,1610336685,84,15.11,36.6575,64.44,7.52
553,Ust-Maya,98,RU,1610336685,80,60.4167,134.5333,-38.49,0.76
554,Hambantota,40,LK,1610336685,100,6.1241,81.1185,78.8,3.44
555,Katete,80,UG,1610336685,85,-0.7818,29.7544,61.77,2.59
556,Brownsville,90,US,1610336686,76,25.9018,-97.4975,44.6,16.11
557,Narsaq,90,GL,1610336686,36,60.9167,-46.05,41.0,20.71
558,Aasiaat,100,GL,1610336686,95,68.7098,-52.8699,24.04,14.67
559,Cuiluan,100,CN,1610336686,85,47.72,128.648,-0.4,1.45
560,Seydi,0,TM,1610336686,72,39.4816,62.9137,35.08,16.62
561,North Branch,36,US,1610336686,99,45.5113,-92.9802,21.99,5.01
562,Balkanabat,4,TM,1610336686,50,39.5108,54.3671,42.91,6.76
563,Koumac,79,NC,1610336687,73,-20.5667,164.2833,85.41,9.06
564,Armidale,0,AU,1610336687,65,-30.5167,151.65,69.01,5.01
565,Sungai Raya,99,ID,1610336687,80,0.7,108.9,79.48,10.27
566,Shwebo,80,MM,1610336687,48,22.5667,95.7,79.99,3.2
567,Berlevåg,49,NO,1610336687,94,70.8578,29.0864,14.29,23.51
568,Meadow Lake,20,US,1610336595,68,34.8014,-106.5436,24.8,5.75
569,Anūpgarh,0,IN,1610336688,32,29.1911,73.2086,59.9,5.88
570,Tsalka,20,GE,1610336688,90,41.5946,44.0891,30.9,6.89
571,Toora-Khem,100,RU,1610336688,90,52.4675,96.11,3.54,3.0
